{
  "name": "Wip",
  "defaultLocale": "en_CA",
  "elements": [
    {
      "name": "mobileSignIn",
      "list": false,
      "type": "generic",
      "locale": [
        {
          "name": "en_CA",
          "locator": "id=com.amazon.mShop.android.shopping:id/sign_in_button",
          "AllLocators": [
            "elementId=9d95504c-65a0-4008-b175-e5e92585e690",
            "class=android.widget.Button",
            "text=Already a customer? Sign in",
            "id=com.amazon.mShop.android.shopping:id/sign_in_button"
          ]
        }
      ],
      "wait": {
        "until": "visible",
        "for": 45
      }
    }
  ],   
  "elementerVersion": "1.0.3"
}